INSERT INTO gara VALUES ('Abu Dhabi Grand Prix','Yas Island','Emirati Arabi Uniti',65),('Bahrein Grand Prix','Manama','Bahrein',50),('Brazilian Grand Prix','Interlagos','Brasile',80),('British Grand Prix','Silverstone','Inghilterra',65),('Chinese Grand Prix','Shanghai','Cina',50),('el','es','nazione',20),('French Grand Prix','Castellet','Francia',69),('Gran Premio d\'Australia','Melbourne','Australia',77),('Italian Gran Prix','Monza','Italia',70),('Monaco Grand Prix','Monte carlo','Monaco',65),('Singapore Grand Prix','Marina Bay','Singapore',50);

INSERT INTO squadra VALUES ('Alfa Romeo',1950, NULL),('Aston Martin Red Bull Racing',2005, NULL),('Ferrari',1950,NULL),('Frank Williams Racing Cars',1969,NULL),('Haas F1 Team',2016,NULL),('Honda Racing F1 Team',1964,NULL),('McLaren',1966,NULL),('Mercedes',1954,NULL),('Renault Sport Formula One Team',1977,NULL),('Toro Rosso Honda',1977,NULL);

INSERT INTO gomme VALUES ('Abu Dhabi Grand Prix','soft'),('Abu Dhabi Grand Prix','super-soft'),('Abu Dhabi Grand Prix','medium'),('Abu Dhabi Grand Prix','rain'),('Bahrein Grand Prix','hard'),('Bahrein Grand Prix','super-hard'),('Bahrein Grand Prix','medium'),('Bahrein Grand Prix','rain'),('Brazilian Grand Prix','soft'),('Brazilian Grand Prix','hard'),('Brazilian Grand Prix','medium'),('Brazilian Grand Prix','rain'),('British Grand Prix','soft'),('British Grand Prix','super-soft'),('British Grand Prix','medium'),('British Grand Prix','rain'),('Chinese Grand Prix','hard'),('Chinese Grand Prix','super-hard'),('Chinese Grand Prix','medium'),('Chinese Grand Prix','rain'),('el','hard'),('el','soft'),('el','medium'),('el','rain'),('French Grand Prix','hard'),('French Grand Prix','soft'),('French Grand Prix','medium'),('French Grand Prix','rain'),('Gran Premio d\'Australia','hard'),('Gran Premio d\'Australia','super-hard'),('Gran Premio d\'Australia','medium'),('Gran Premio d\'Australia','rain'),('Italian Gran Prix','hard'),('Italian Gran Prix','super-hard'),('Italian Gran Prix','medium'),('Italian Gran Prix','rain'),('Monaco Grand Prix','hard'),('Monaco Grand Prix','soft'),('Monaco Grand Prix','medium'),('Monaco Grand Prix','rain'),('Singapore Grand Prix','hard'),('Singapore Grand Prix','soft'),('Singapore Grand Prix','medium'),('Singapore Grand Prix','rain');

INSERT INTO partecipa VALUES ('Abu Dhabi Grand Prix','Aston Martin Red Bull Racing'),('Abu Dhabi Grand Prix','Ferrari'),('Abu Dhabi Grand Prix','Frank Williams Racing Cars'),('Abu Dhabi Grand Prix','Haas F1 Team'),('Abu Dhabi Grand Prix','Honda Racing F1 Team'),('Abu Dhabi Grand Prix','McLaren'),('Abu Dhabi Grand Prix','Renault Sport Formula One Team'),('Abu Dhabi Grand Prix','Toro Rosso Honda'),('Bahrein Grand Prix','Alfa Romeo'),('Bahrein Grand Prix','Aston Martin Red Bull Racing'),('Bahrein Grand Prix','Ferrari'),('Bahrein Grand Prix','Frank Williams Racing Cars'),('Bahrein Grand Prix','Haas F1 Team'),('Bahrein Grand Prix','Honda Racing F1 Team'),('Bahrein Grand Prix','McLaren'),('Bahrein Grand Prix','Renault Sport Formula One Team'),('Bahrein Grand Prix','Toro Rosso Honda'),('Brazilian Grand Prix','Alfa Romeo'),('Brazilian Grand Prix','Aston Martin Red Bull Racing'),('Brazilian Grand Prix','Ferrari'),('Brazilian Grand Prix','Frank Williams Racing Cars'),('Brazilian Grand Prix','Haas F1 Team'),('Brazilian Grand Prix','Honda Racing F1 Team'),('Brazilian Grand Prix','McLaren'),('Brazilian Grand Prix','Renault Sport Formula One Team'),('Brazilian Grand Prix','Toro Rosso Honda'),('British Grand Prix','Alfa Romeo'),('British Grand Prix','Aston Martin Red Bull Racing'),('British Grand Prix','Ferrari'),('British Grand Prix','Frank Williams Racing Cars'),('British Grand Prix','Haas F1 Team'),('British Grand Prix','Honda Racing F1 Team'),('British Grand Prix','McLaren'),('British Grand Prix','Renault Sport Formula One Team'),('British Grand Prix','Toro Rosso Honda'),('Chinese Grand Prix','Alfa Romeo'),('Chinese Grand Prix','Aston Martin Red Bull Racing'),('Chinese Grand Prix','Ferrari'),('Chinese Grand Prix','Frank Williams Racing Cars'),('Chinese Grand Prix','Haas F1 Team'),('Chinese Grand Prix','Honda Racing F1 Team'),('Chinese Grand Prix','McLaren'),('Chinese Grand Prix','Renault Sport Formula One Team'),('Chinese Grand Prix','Toro Rosso Honda'),('French Grand Prix','Alfa Romeo'),('French Grand Prix','Aston Martin Red Bull Racing'),('French Grand Prix','Ferrari'),('French Grand Prix','Frank Williams Racing Cars'), ('French Grand Prix','Haas F1 Team'),('French Grand Prix','Honda Racing F1 Team'),('French Grand Prix','McLaren'),('French Grand Prix','Renault Sport Formula One Team'),('French Grand Prix','Toro Rosso Honda'),('Gran Premio d\'Australia','Alfa Romeo'),('Gran Premio d\'Australia','Aston Martin Red Bull Racing'),('Gran Premio d\'Australia','Ferrari'),('Gran Premio d\'Australia','Frank Williams Racing Cars'),('Gran Premio d\'Australia','Haas F1 Team'),('Gran Premio d\'Australia','Honda Racing F1 Team'),('Gran Premio d\'Australia','McLaren'),('Gran Premio d\'Australia','Renault Sport Formula One Team'),('Gran Premio d\'Australia','Toro Rosso Honda'),('Italian Gran Prix','Alfa Romeo'),('Italian Gran Prix','Aston Martin Red Bull Racing'),('Italian Gran Prix','Ferrari'),('Italian Gran Prix','Frank Williams Racing Cars'),('Italian Gran Prix','Haas F1 Team'),('Italian Gran Prix','Honda Racing F1 Team'),('Italian Gran Prix','McLaren'),('Italian Gran Prix','Renault Sport Formula One Team'),('Italian Gran Prix','Toro Rosso Honda'),('Monaco Grand Prix','Alfa Romeo'),('Monaco Grand Prix','Aston Martin Red Bull Racing'),('Monaco Grand Prix','Ferrari'),('Monaco Grand Prix','Frank Williams Racing Cars'),('Monaco Grand Prix','Haas F1 Team'),('Monaco Grand Prix','Honda Racing F1 Team'),('Monaco Grand Prix','McLaren'),('Monaco Grand Prix','Renault Sport Formula One Team'),('Monaco Grand Prix','Toro Rosso Honda'),('Singapore Grand Prix','Alfa Romeo'),('Singapore Grand Prix','Aston Martin Red Bull Racing'),('Singapore Grand Prix','Ferrari'),('Singapore Grand Prix','Frank Williams Racing Cars'),('Singapore Grand Prix','Haas F1 Team'),('Singapore Grand Prix','Honda Racing F1 Team'),('Singapore Grand Prix','McLaren'),('Singapore Grand Prix','Renault Sport Formula One Team'),('Singapore Grand Prix','Toro Rosso Honda');

INSERT INTO tecnico VALUES ('James','Mathews','manutenzione','00021','1969-09-09','Alfa Romeo'),('Leo','O\'Connor','ricerca e sviluppo','00070','1969-08-25','Ferrari'),('Napoleone','Fannucci','ricerca e sviluppo','12478','1985-05-25','Toro Rosso Honda'),('Pierre','Migneault','ricerca e sviluppo','12548','1969-12-12','Renault Sport Formula One Team'),('Zachary','Flinn','manutenzione','15893','1969-12-24','Frank Williams Racing Cars'),('Yuuma','Tagami','manutenzione','19875','1972-06-30','McLaren'),('Salvo','Cocci','ricerca e sviluppo','25468','1969-12-25','Frank Williams Racing Cars'),('javier','masse','ricerca e sviluppo','33574','1970-01-01','Haas F1 Team'),('Fernando','Piccio','manutenzione','33698','1985-05-15','Haas F1 Team'),('Kazuyuki','Kuwabara','manutenzione','36547','1975-08-09','Renault Sport Formula One Team'),('Harvey','Fitzgerald','Idraulica','50100','1978-12-20','Aston Martin Red Bull Racing'),('Raimondo','Giordano','manutenzione','52249','1987-08-11','Aston Martin Red Bull Racing'),('Martin','Zimmermann','ricerca e sviluppo','55879','1973-07-29','McLaren'),('Edmondo','Romano','ricerca e sviluppo','58759','1968-07-08','Alfa Romeo'),('Lasse','Kattilakoski','manutenzione','66896','1970-03-26','Honda Racing F1 Team'),('Valentino','Marchesi','manutenzione','77777','1977-07-17','Ferrari'),('Marko','Schneider','Idraulica','78956','1969-12-01','Honda Racing F1 Team');

INSERT INTO pilota VALUES ('Fernando','Alonso','esp','00000','1981-07-29',14,'McLaren', NULL),('Sebastian','Vettel','deu','00001','1987-07-03',5,'Ferrari', NULL),('Sergey','Sirotkin','rus','00015','1995-08-27',35,'Frank Williams Racing Cars', NULL),('Kimi','Raikkonen','fin','00055','1979-10-17',7,'Ferrari', NULL),('Valtteri','Bottas','fin','11231','1989-08-28',77,'Honda Racing F1 Team', NULL),('Daniel','Ricciardo','aus','15151','1989-07-01',3,'Aston Martin Red Bull Racing', NULL),('Max','Verstappen','nld','22222','1997-09-30',33,'Aston Martin Red Bull Racing', NULL),('Pierre','Gasly','fra','23239','1996-02-07',10,'Toro Rosso Honda', NULL),('Nico','Hulkenberg','deu','25686','1987-08-19',27,'Renault Sport Formula One Team', NULL),('Carlos','Sainz','esp','48689','1994-09-01',55,'Renault Sport Formula One Team', NULL),('Marcus','Ericsson','swe','54696','1990-09-02',9,'Alfa Romeo', NULL),('Lewis','Hamilton','gbr','55681','1985-01-07',44,'Honda Racing F1 Team', NULL),('Lance','Stroll','can','55842','1998-10-29',18,'Frank Williams Racing Cars', NULL),('Kevin','Magnussen','dnk','55843','1992-10-05',20,'Haas F1 Team', NULL),('Romain','Grosjean','fra','77878','1986-04-17',8,'Haas F1 Team', NULL),('Stoffel','Vandoorne','deu','79312','1992-03-26',2,'McLaren', NULL),('Charles','Leclerc','fra','85859','1997-10-16',16,'Alfa Romeo', NULL),('Brendon','Hartley','gbr','85888','1989-11-10',28,'Toro Rosso Honda', NULL);

INSERT INTO a_punti VALUES ('Abu Dhabi Grand Prix','00001', 10, 1), ('Abu Dhabi Grand Prix','00015', 9, 2), ('Abu Dhabi Grand Prix','00055', 8, 3),('Bahrein Grand Prix','11231', 10, 1), ('Bahrein Grand Prix','15151', 9, 2), ('Bahrein Grand Prix','00000', 8, 3),('Brazilian Grand Prix','00000', 10, 1), ('Brazilian Grand Prix','55681', 9, 2), ('Brazilian Grand Prix','55842', 8, 3),('British Grand Prix','55681', 10, 1), ('British Grand Prix','00000', 9, 2), ('British Grand Prix','00001', 8, 3),('Chinese Grand Prix','55681', 10, 1), ('Chinese Grand Prix','11231', 9, 2), ('Chinese Grand Prix','22222', 8, 3),('el','55681', 10, 1), ('el','55843', 9, 2), ('el','77878', 8, 3),('French Grand Prix','55681', 10, 1), ('French Grand Prix','23239', 9, 2), ('French Grand Prix','25686', 8, 3),('Gran Premio d\'Australia','00001', 10, 1), ('Gran Premio d\'Australia','55681', 9, 2), ('Gran Premio d\'Australia','00055', 8, 3),('Italian Gran Prix','00000', 10, 1), ('Italian Gran Prix','22222', 9, 2), ('Italian Gran Prix','48689', 8, 3),('Monaco Grand Prix','55842', 10, 1), ('Monaco Grand Prix','77878', 9, 2), ('Monaco Grand Prix','23239', 8, 3),('Singapore Grand Prix','55681', 10, 1), ('Singapore Grand Prix','00015', 9, 2), ('Singapore Grand Prix','00001', 8, 3);

INSERT INTO responsabile VALUES ('Maurizio','Arrivabene','it','1','1957-03-07','Ferrari'),('Christian','Horner','gbr','10','1973-11-16','Aston Martin Red Bull Racing'),('Toto','Wolff','aut','11','1972-01-12','Alfa Romeo'),('Cyril','Abiteboul','rus','2','1957-06-07','Renault Sport Formula One Team'),('Franz','Tost','aut','3','1956-01-20','Toro Rosso Honda'),('Zak','Brown','usa','5','1971-11-07','McLaren'),('Ross','Brawn','gbr','7','1954-11-23','Honda Racing F1 Team'),('Gunther','Steiner','it','8','1965-04-07','Haas F1 Team'),('Frank','Williams','gbr','9','1942-01-16','Frank Williams Racing Cars');

SET SQL_SAFE_UPDATES = 0;/*Per non dovere specificare nella where di update una primary key*/

UPDATE Pilota
SET Pilota.Punti_Pilota = (SELECT SUM(a.Punti) 
FROM a_punti AS a 
WHERE Pilota.ID = a.IDPilota);

UPDATE Squadra 
SET Squadra.Punti_Squadra = (SELECT SUM(p.Punti_Pilota)
FROM Pilota AS p  
WHERE (SELECT p.Punti_Pilota
WHERE Squadra.Nome = p.NomeSquadra));